,Name,Rank
0,전기기능사국비지원,2
1,전기기능사국비,2
2,전기기사국비지원,9
3,전기국비,2
4,국비지원전기기능사,3
5,국비전기기능사,6
6,전기산업기사국비지원,10
7,전기기능사국비교육,4
8,전기국비지원,4
9,국비지원전기기사,3
10,국비지원전기,4
11,국비전기,3
12,국비지원전기학원,5
13,전기기능사국비지원학원,4
14,전기기사국비,4
15,국비전기기사,4
16,국비전기학원,3
17,전기산업기사국비,6
18,전기기사국비교육,4
19,국비지원웹디자인학원,0
20,국비지원웹디자인,9
21,웹디자인국비지원,0
22,웹디자인국비지원학원,9
23,국비지원캐드학원,6
24,국비지원캐드,5
25,캐드국비지원,0
26,국비웹디자인,5
27,캐드국비지원학원,6
28,웹디자인국비,5
29,국비캐드학원,4
30,포토샵국비지원,0
31,그래픽국비지원,5
32,국비지원시각디자인,4
33,일러스트국비지원,0
34,GTQ국비지원,4
35,웹디자인기능사국비지원,10
36,웹디자인국비학원,7
37,그래픽디자인국비지원,9
38,일러스트국비,0
39,국비지원GTQ,5
40,포토샵국비지원학원,0
41,국비지원캐드자격증,4
42,포토샵국비,0
43,GTQ국비,5
44,시각디자인국비지원,10
45,일러스트국비학원,7
46,캐드국비교육,7
47,컴퓨터그래픽스운용기능사국비,8
48,일러스트국비지원학원,0
49,포토샵국비학원,0
50,국비지원영상편집,0
51,에프터이펙트국비지원,4
52,국비지원영상편집학원,4
53,국비지원동영상편집,6
54,국비지원에프터이펙트,4
55,영상편집국비지원,0
56,국비지원프리미어,5
57,에프터이펙트국비,5
58,국비지원애프터이펙트,3
59,에펙국비,4
60,프리미어국비지원,5
61,영상편집국비학원,7
62,영상편집국비,10
63,에프터이펙트국비지원학원,5
64,애프터이펙트국비지원,2
65,동영상편집국비,4
66,영상편집국비지원학원,4
67,동영상편집국비지원,4
68,에펙국비지원,0
69,국비지원프리미어프로,4
70,영상편집국비교육,7
71,국비지원3D,6
72,3D국비지원,5
73,3D프린터국비지원,3
74,국비지원3D프린터교육,3
75,3D프린터국비교육,3
76,3D프린터국비,2
77,3D프린팅국비지원,3
78,국비지원전산회계학원,7
79,국비지원컴퓨터학원,0
80,국비지원전산세무,4
81,전산세무국비지원,7
82,전산회계국비지원,10
83,전산세무2급국비지원,6
84,국비지원전산회계,5
85,전산세무회계국비지원,5
86,국비지원전산회계1급,5
87,국비지원전산세무회계,3
88,전산세무1급국비지원,7
89,전산회계2급국비지원,6
90,전산회계국비,0
91,국비지원컴활,2
92,국비전산회계,8
93,전산회계1급국비지원,0
94,컴활국비지원,9
95,전산회계2급국비,8
96,전산회계국비지원학원,9
97,엑셀국비지원,0
98,전산회계1급국비,0
99,컴활2급국비,6
100,전산세무국비,7
101,회계국비지원,0
102,회계자격증국비지원,6
103,ITQ국비지원,6
104,전산세무2급국비,8
105,전산세무1급국비,7
106,엑셀국비,7
107,전산회계국비학원,7
108,전산회계1급국비학원,4
109,세무국비지원,7
110,전산회계국비교육,9
111,회계국비,8
112,ITQ국비,5
113,회계자격증국비,7
114,컴활국비학원,8
115,컴활2급국비지원,7
116,전산응용기계제도기능사국비지원,7
117,국비지원ITQ,7
118,회계국비학원,9
119,엑셀국비무료,4
120,국비지원빅데이터,0
121,빅데이터국비,9
122,빅데이터국비교육,6
123,자바국비지원,0
124,국비빅데이터,5
125,자바프로그래밍국비,2
126,빅데이터국비지원,0
127,자바프로그래밍국비지원,3
128,빅데이터국비학원,2
129,빅데이터국비지원학원,3
130,파이썬국비,3
131,빅데이터국비지원교육,6
132,파이썬국비교육,5
133,국비지원파이썬,6
134,파이썬국비지원,0
135,파이썬국비지원교육,3
136,SQLD국비,3
137,언리얼엔진국비지원,3
138,빅데이터전문가국비지원,0
139,국비교육빅데이터,5
140,파이썬무료국비,1
141,웹프로그래밍국비지원,3
142,JAVA국비지원,0
143,JAVA국비지원학원,0
144,게임국비지원,6
145,JAVA국비지원교육,10
146,JAVA국비학원,0
147,웹프로그래밍국비,3
148,게임프로그래밍국비지원,4
149,자바국비무료,3
150,자바국비,0
151,자바국비교육,0
152,자바국비지원학원,0
153,자바국비학원,0
154,자바국비지원교육,0
155,JAVA국비,0
156,자바국비교육학원,2
157,JAVA국비교육,0
158,빅데이터국비학원,2
159,자바스크립트국비지원,2
160,웹프로그래밍국비지원학원,1
161,자바스크립트국비,1
162,자바스크립트국비지원학원,1
163,게임국비학원,2
164,머신러닝국비지원,1
165,게임프로그래밍국비,4
166,딥러닝국비교육,1
167,머신러닝국비교육,1
168,머신러닝국비,1
169,딥러닝국비,1
170,언리얼국비지원,1
171,게임국비지원학원,5
172,게임국비,3
173,빅데이터국비교육학원,1
174,게임국비교육,4
175,언리얼국비,1
176,자바스크립트국비교육학원,1
177,게임프로그래밍고용노동부국비교육,1
178,게임프로그래밍국비교육,0
179,게임프로그래밍국비교육학원,1
180,게임프로그래밍국비무료,2
181,게임프로그래밍국비지원교육,1
182,게임프로그래밍국비지원교육학원,1
183,게임프로그래밍국비지원학원,0
184,게임프로그래밍국비학원,0
185,게임프로그래밍노동부국비교육,1
186,게임프로그래밍무료국비,1
187,게임프로그램고용노동부국비교육,1
188,게임프로그램국비,9
189,게임프로그램국비교육,1
190,게임프로그램국비교육학원,1
191,게임프로그램국비무료,1
192,게임프로그램국비지원,0
193,게임프로그램국비지원교육,1
194,게임프로그램국비지원교육학원,1
195,게임프로그램국비지원학원,7
196,게임프로그램국비학원,7
197,게임프로그램노동부국비교육,1
198,게임프로그램무료국비,1
199,딥러닝고용노동부국비교육,1
200,딥러닝국비교육학원,3
201,딥러닝국비무료,2
202,딥러닝국비지원,0
203,딥러닝국비지원교육,3
204,딥러닝국비지원교육학원,1
205,딥러닝국비지원학원,4
206,딥러닝국비학원,3
207,딥러닝노동부국비교육,1
208,딥러닝무료국비,1
209,머신러닝고용노동부국비교육,1
210,머신러닝국비교육학원,2
211,머신러닝국비무료,2
212,머신러닝국비지원교육,2
213,머신러닝국비지원교육학원,1
214,머신러닝국비지원학원,4
215,머신러닝국비학원,3
216,머신러닝노동부국비교육,1
217,머신러닝무료국비,1
218,빅데이터고용노동부국비교육,1
219,빅데이터국비지원교육학원,4
220,빅데이터노동부국비교육,1
221,빅데이터무료국비,3
222,언리얼고용노동부국비교육,1
223,언리얼국비교육,1
224,언리얼국비교육학원,1
225,언리얼국비무료,1
226,언리얼국비지원교육,1
227,언리얼국비지원교육학원,1
228,언리얼국비지원학원,4
229,언리얼국비학원,8
230,언리얼노동부국비교육,1
231,언리얼무료국비,1
232,웹프로그래밍고용노동부국비교육,1
233,웹프로그래밍국비교육,0
234,웹프로그래밍국비교육학원,2
235,웹프로그래밍국비무료,3
236,웹프로그래밍국비지원교육,8
237,웹프로그래밍국비지원교육학원,2
238,웹프로그래밍국비학원,0
239,웹프로그래밍노동부국비교육,1
240,웹프로그래밍무료국비,1
241,자바고용노동부국비교육,1
242,자바국비지원교육학원,7
243,자바노동부국비교육,1
244,자바무료국비,2
245,자바스크립트고용노동부국비교육,1
246,자바스크립트국비교육,0
247,자바스크립트국비무료,2
248,자바스크립트국비지원교육,4
249,자바스크립트국비지원교육학원,1
250,자바스크립트국비학원,7
251,자바스크립트노동부국비교육,1
252,자바스크립트무료국비,1
253,자바프로그래밍고용노동부국비교육,1
254,자바프로그래밍국비무료,3
255,자바프로그래밍국비지원교육,10
256,자바프로그래밍국비지원교육학원,2
257,자바프로그래밍노동부국비교육,1
258,자바프로그래밍무료국비,2
259,소방설비기사국비지원,1
260,소방설비산업기사국비지원,3
261,소방설비기사국비,2
